colonne;categorie;justification;
id;NP;L'identifiant interne est un simple numero d'ordre ne permettant pas d'identifier directement une personne physique.;
nom, prenom;DIR;Le nom et le prenom permettent d'identifier directement et nominativement une personne physique.;
email;DIR;L'adresse e-mail nominative comporte le nom et le prenom permettant une identification directe.;
code_postal;IND;Le code postal est une donnee geographique qui croisee avec d'autres informations permet d'identifier indirectement.;
ip_connexion;IND;L'adresse IP est une donnee d'identification indirecte rattachee au terminal d'un utilisateur.;
id_cookie;IND;L'identifiant de cookie permet d'isoler et de tracer le comportement d'un utilisateur de maniere indirecte.;
num_secu;SENS;Le numero de securite sociale (NIR) est un identifiant national unique hautement sensible.;
carte bancaire;SENS;Les coordonnees bancaires sont des donnees financieres hautement sensibles.;
commentaire_libre;VARIE (SENS);Ce champ texte contient des donnees sensibles au sens de l'art. 9 du RGPD saisies arbitrairement.;
